title,url,thumbnail_url,channel,description
EXPLODING Glitter Bomb 4.0 vs. Package Thieves,https://www.youtube.com/watch?v=3c584TGG7jQ,https://i.ytimg.com/vi/3c584TGG7jQ/hqdefault.jpg?sqp=-oaymwEcCPYBEIoBSFXyq4qpAw4IARUAAIhCGAFwAcABBg==&rs=AOn4CLDlN1VIZYidCfa6y-8-kO1i5UQctw,Mark Rober,"Merry Christmas ya filthy animals. If you want to learn the design fundamentals it takes to make something like the Glitter Bomb, enroll in my Creative Engineering course at https://Monthly.com/Mar..."
I Customized 100 Houses!,https://www.youtube.com/watch?v=l2V3DhkqqYM,https://i.ytimg.com/vi/l2V3DhkqqYM/hqdefault.jpg?sqp=-oaymwEcCPYBEIoBSFXyq4qpAw4IARUAAIhCGAFwAcABBg==&rs=AOn4CLAh4b-krizPSFQe9g34toXaA51i1g,ZHC,MAKE SURE YOU WATCH UNTIL THE VILLAGE IS FINISHED! Subscribe to all our channels! ZHC Crafts -https://www.youtube.com/channel/UCPAk4rqVIwg1NCXh61VJxbg ZHC Shorts - https://www.youtube.com/channel/...
One Trillion Minecraft Views on YouTube and Counting,https://www.youtube.com/watch?v=YXY74kWderc,https://i.ytimg.com/vi/YXY74kWderc/hqdefault.jpg?sqp=-oaymwEcCPYBEIoBSFXyq4qpAw4IARUAAIhCGAFwAcABBg==&rs=AOn4CLD1xY_J6q27BUMtRSftjJuiYvKrhA,YouTube,The Minecraft community has crushed one trillion views on YouTube. Celebrate this huge milestone with a look back at some of the biggest moments in Minecraft history. http://youtube.com/onetrillion...
Why We Should NOT Look For Aliens - The Dark Forest,https://www.youtube.com/watch?v=xAUJYP8tnRE,,Kurzgesagt – In a Nutshell,Getting something from the kurzgesagt shop is the best way to support us and to keep our videos free for everyone. Thank You! ►► https://kgs.link/shop. (Worldwide Shipping Available) Sources...
"GTA 5 - Buying The NEW $5,000,000 AGENCY Business Property! (The Contract DLC)",https://www.youtube.com/watch?v=GtkNdx_r4xA,,Digital Car Addict,Part of The Contract DLC Update
My Toddler paints her Zodiac sign!! #shorts,https://www.youtube.com/shorts/Pz9ODRKR1UE,,Melissa Metrano,
The Unbearable Weight of Massive Talent (2022 Movie) Official Red Band Teaser Trailer – Nicolas Cage,https://www.youtube.com/watch?v=I8VuWhvk87o,,Lionsgate Movies,"The Unbearable Weight of Massive Talent – In Theaters April 22, 2022. Nicolas Cage, Pedro Pascal, Sharon Horgan, Ike Barinholtz, Alessandra Mastronardi, Jacob Scipio, Lily Sheen, with Neil..."
Sarah’s Secret Friend pam_a_cake #shorts,https://www.youtube.com/shorts/3WeqiMsgyMI,,ms_pam_a_cake official,
Everything Everywhere All At Once | Official Trailer HD | A24,https://www.youtube.com/watch?v=wxN1T1uxQ2g,,A24,"SUBSCRIBE: http://bit.ly/A24subscribe A film from Daniels and starring Michelle Yeoh, Ke Huy Quan, Stephanie Hsu, Jenny Slate, Harry Shum Jr., with James Hong and Jamie Lee Curtis. EVERYTHING..."
I dug a real tunnel using ONLY a toy Minecraft pickaxe...,https://www.youtube.com/watch?v=lUOr8Y-EgF4,,Tyler Oliveira,"3,000,000 SUBS AND MY DAD WILL FINALLY BE PROUD! FOLLOW ME ON INSTAGRAM - @tyleroliveiraofficial FOLLOW ME ON TWITTER - @tyleraloevera FOLLOW ME ON TIK TOK - @tyler.oliveira"
